symbol,entry_date,exit_date,outcome,r_multiple,shares_closed,exit_type,fee_adjusted_r
AIIL.NS,2026-08-10,2026-08-10,LOSS,-1.0,,,-1.06
AIIL.NS,2026-08-11,2026-08-12,LOSS,-1.0,,,-1.06
AIIL.NS,2026-08-12,2026-08-12,LOSS,-1.0,,,-1.06
AIIL.NS,2026-08-12,2026-08-13,LOSS,-1.0,,,-1.06
AIIL.NS,2026-08-14,2026-08-14,LOSS,-1.0,,,-1.06
AIIL.NS,2026-08-15,2026-08-15,LOSS,-1.0,,,-1.06
AIIL.NS,2026-08-17,2026-08-17,LOSS,-1.0,,,-1.06
AIIL.NS,2026-08-18,2026-08-18,LOSS,-1.0,,,-1.06
AIIL.NS,2026-08-19,2026-08-19,LOSS,-1.0,,,-1.06
AIIL.NS,2026-08-20,2026-08-20,LOSS,-1.0,,,-1.06
AIIL.NS,2026-08-21,2026-08-21,LOSS,-1.0,,,-1.06
LENSKART.NS,2026-08-21,2026-08-21,WIN,1.5,,,1.44
LLOYDSME.NS,2026-08-21,2026-08-21,LOSS,-1.0,,,-1.06
GLAND.NS,2026-08-21,2026-08-21,WIN,1.5,,,1.44
ABBOTINDIA.NS,2026-08-21,2026-08-21,LOSS,-1.0,,,-1.06
BALRAMCHIN.NS,2026-08-21,2026-08-21,LOSS,-1.0,,,-1.06
URBANCO.NS,2026-08-21,2026-08-21,WIN,1.5,,,1.44
PTCIL.NS,2026-08-21,2026-08-21,LOSS,-1.0,,,-1.06
PTCIL.NS,2026-08-21,2026-08-24,WIN,1.5,,,1.44
AIIL.NS,2026-08-24,2026-08-24,LOSS,-1.0,,,-1.06
LENSKART.NS,2026-08-24,2026-08-24,WIN,1.5,,,1.44
LLOYDSME.NS,2026-08-24,2026-08-24,LOSS,-1.0,,,-1.06
GLAND.NS,2026-08-24,2026-08-24,WIN,1.5,,,1.44
URBANCO.NS,2026-08-24,2026-08-24,WIN,1.5,,,1.44
ABBOTINDIA.NS,2026-08-24,2026-08-24,LOSS,-1.0,,,-1.06
BALRAMCHIN.NS,2026-08-24,2026-08-24,LOSS,-1.0,,,-1.06
PTCIL.NS,2026-08-24,2026-08-24,LOSS,-1.0,,,-1.06
AIIL.NS,2026-08-25,2026-08-25,LOSS,-1.0,,,-1.06
LENSKART.NS,2026-08-25,2026-08-25,WIN,1.5,,,1.44
LLOYDSME.NS,2026-08-25,2026-08-25,LOSS,-1.0,,,-1.06
URBANCO.NS,2026-08-25,2026-08-25,WIN,1.5,,,1.44
ABBOTINDIA.NS,2026-08-25,2026-08-25,LOSS,-1.0,,,-1.06
PTCIL.NS,2026-08-25,2026-08-25,WIN,1.5,,,1.44
BALRAMCHIN.NS,2026-08-25,2026-08-25,LOSS,-1.0,,,-1.06
PTCIL.NS,2026-08-25,2026-08-25,LOSS,-1.0,,,-1.06
IIFL.NS,2026-08-25,2026-08-25,LOSS,-1.0,,,-1.06
GLAND.NS,2026-08-25,2026-08-26,WIN,1.5,,,1.44
AIIL.NS,2026-08-26,2026-08-26,LOSS,-1.0,,,-1.06
LENSKART.NS,2026-08-26,2026-08-26,WIN,1.5,,,1.44
LLOYDSME.NS,2026-08-26,2026-08-26,LOSS,-1.0,,,-1.06
URBANCO.NS,2026-08-26,2026-08-26,WIN,1.5,,,1.44
ABBOTINDIA.NS,2026-08-26,2026-08-26,LOSS,-1.0,,,-1.06
PTCIL.NS,2026-08-26,2026-08-26,WIN,1.5,,,1.44
AIIL.NS,2026-08-27,2026-08-27,LOSS,-1.0,,,-1.06
LENSKART.NS,2026-08-27,2026-08-27,WIN,1.5,,,1.44
LLOYDSME.NS,2026-08-27,2026-08-27,LOSS,-1.0,,,-1.06
GLAND.NS,2026-08-27,2026-08-27,WIN,1.5,,,1.44
URBANCO.NS,2026-08-27,2026-08-27,WIN,1.5,,,1.44
ABBOTINDIA.NS,2026-08-27,2026-08-27,LOSS,-1.0,,,-1.06
PTCIL.NS,2026-08-27,2026-08-27,WIN,1.5,,,1.44
ANTHEM.NS,2026-08-21,2026-08-28,WIN,1.5,,,1.44
BALRAMCHIN.NS,2026-08-26,2026-08-28,LOSS,-1.0,,,-1.06
AIIL.NS,2026-08-28,2026-08-28,LOSS,-1.0,,,-1.06
LENSKART.NS,2026-08-28,2026-08-28,WIN,1.5,,,1.44
LLOYDSME.NS,2026-08-28,2026-08-28,LOSS,-1.0,,,-1.06
GLAND.NS,2026-08-28,2026-08-28,WIN,1.5,,,1.44
URBANCO.NS,2026-08-28,2026-08-28,WIN,1.5,,,1.44
PTCIL.NS,2026-08-28,2026-08-28,WIN,1.5,,,1.44
PTCIL.NS,2026-08-26,2026-08-31,WIN,1.5,,,1.44
ABBOTINDIA.NS,2026-08-28,2026-08-31,LOSS,-1.0,,,-1.06
AIIL.NS,2026-08-07,2026-08-31,LOSS,-1.0,,,-1.06
LENSKART.NS,2026-08-10,2026-08-31,WIN,1.5,,,1.44
LLOYDSME.NS,2026-08-10,2026-08-31,LOSS,-1.0,,,-1.06
GLAND.NS,2026-08-10,2026-08-31,WIN,1.5,,,1.44
URBANCO.NS,2026-08-13,2026-08-31,WIN,1.5,,,1.44
CRAFTSMAN.NS,2026-08-31,2026-08-31,LOSS,-1.0,,,-1.06
KOTAKBANK.NS,2026-08-31,2026-08-31,LOSS,-1.0,,,-1.06
LAURUSLABS.NS,2026-08-31,2026-08-31,LOSS,-1.0,,,-1.06
ABBOTINDIA.NS,2026-08-14,2026-08-31,LOSS,-1.0,,,-1.06
PTCIL.NS,2026-08-18,2026-08-31,WIN,1.5,,,1.44
AIIL.NS,2026-08-08,2026-08-31,LOSS,-1.0,,,-1.06
IIFL.NS,2026-08-26,2026-09-01,LOSS,-1.0,,,-1.06
AIIL.NS,2026-08-09,2026-09-01,LOSS,-1.0,,,-1.06
BAJAJ-AUTO.NS,2026-09-02,2026-09-02,LOSS,-1.0,,,-1.06
RRKABEL.NS,2026-09-02,2026-09-02,WIN,1.5,,,1.44
NIACL.NS,2026-09-02,2026-09-02,LOSS,-1.0,,,-1.06
RRKABEL.NS,2026-09-03,2026-09-03,WIN,1.5,,,1.44
ANTHEM.NS,2026-08-31,2026-09-04,WIN,1.5,,,1.44
BRIGADE.NS,2026-09-04,2026-09-04,LOSS,-1.0,,,-1.06
UNITDSPR.NS,2026-08-31,2026-09-07,LOSS,-1.0,,,-1.06
PPLPHARMA.NS,2026-08-21,2026-09-08,WIN,1.5,,,1.44
CHENNPETRO.NS,2026-08-21,2026-09-09,WIN,1.5,,,1.44
PAYTM.NS,2026-08-21,2026-09-09,WIN,1.5,,,1.44
ZFCVINDIA.NS,2026-08-25,2026-09-09,LOSS,-1.0,,,-1.06
PPLPHARMA.NS,2026-08-14,2026-09-09,WIN,1.5,,,1.44
CHENNPETRO.NS,2026-08-21,2026-09-10,WIN,1.5,,,1.44
PPLPHARMA.NS,2026-08-15,2026-09-10,WIN,1.5,,,1.44
PAYTM.NS,2026-08-19,2026-09-10,WIN,1.5,,,1.44
IFCI.NS,2026-09-08,2026-09-11,LOSS,-1.0,,,-1.06
CHENNPETRO.NS,2026-08-18,2026-09-11,WIN,1.5,,,1.44
CHENNPETRO.NS,2026-08-19,2026-09-11,WIN,1.5,,,1.44
NETWEB.NS,2026-08-26,2026-09-15,LOSS,-1.0,,,-1.06
BEML.NS,2026-09-08,2026-09-15,LOSS,-1.0,,,-1.06
COHANCE.NS,2026-08-21,2026-09-15,LOSS,-1.0,,,-1.06
CRISIL.NS,2026-09-04,2026-09-15,LOSS,-1.0,,,-1.06
TBOTEK.NS,2026-08-31,2026-09-16,LOSS,-1.0,,,-1.06
POLICYBZR.NS,2026-09-01,2026-09-16,LOSS,-1.0,,,-1.06
JYOTICNC.NS,2026-09-03,2026-09-16,LOSS,-1.0,,,-1.06
CARTRADE.NS,2026-09-07,2026-09-16,LOSS,-1.0,,,-1.06
FINCABLES.NS,2026-09-10,2026-09-16,LOSS,-1.0,,,-1.06
CHENNPETRO.NS,2026-09-11,2026-09-16,LOSS,-1.0,,,-1.06
PVRINOX.NS,2026-09-07,2026-09-17,WIN,1.5,,,1.44
CASTROLIND.NS,2026-08-21,2026-09-18,WIN,1.5,,,1.44
FEDERALBNK.NS,2026-08-25,2026-09-18,LOSS,-1.0,,,-1.06
FEDERALBNK.NS,2026-08-26,2026-09-18,LOSS,-1.0,,,-1.06
CASTROLIND.NS,2026-08-19,2026-09-19,WIN,1.5,,,1.44
TITAN.NS,2026-08-09,2026-09-24,WIN,0.75,2.0,partial_leg1,0.69
TITAN.NS,2026-08-09,2026-09-24,WIN,0.56,3.0,trailing_stop,0.5
JUBLFOOD.NS,2026-08-21,2026-09-24,WIN,0.75,16.0,partial_leg1,0.69
JUBLFOOD.NS,2026-08-21,2026-09-24,WIN,0.0,16.0,trailing_stop,-0.06
APARINDS.NS,2026-08-21,2026-09-24,WIN,0.75,0.0,partial_leg1,0.69
CANHLIFE.NS,2026-08-31,2026-09-24,LOSS,-1.0,92.0,full_stop,-1.06
TVSMOTOR.NS,2026-09-01,2026-09-24,WIN,0.75,2.0,partial_leg1,0.69
TVSMOTOR.NS,2026-09-01,2026-09-24,WIN,0.48,2.0,trailing_stop,0.42
SONACOMS.NS,2026-09-02,2026-09-24,WIN,0.75,11.0,partial_leg1,0.69
SONACOMS.NS,2026-09-02,2026-09-24,WIN,0.28,11.0,trailing_stop,0.22
FLUOROCHEM.NS,2026-09-04,2026-09-24,WIN,0.75,1.0,partial_leg1,0.69
FLUOROCHEM.NS,2026-09-04,2026-09-24,WIN,0.23,2.0,trailing_stop,0.17
SAILIFE.NS,2026-09-10,2026-09-24,WIN,0.75,4.0,partial_leg1,0.69
SAILIFE.NS,2026-09-10,2026-09-24,WIN,0.0,5.0,trailing_stop,-0.06
COFORGE.NS,2026-09-15,2026-09-24,WIN,0.75,4.0,partial_leg1,0.69
COFORGE.NS,2026-09-15,2026-09-24,WIN,0.67,4.0,trailing_stop,0.61
CRAFTSMAN.NS,2026-09-15,2026-09-24,WIN,0.75,1.0,partial_leg1,0.69
GLAND.NS,2026-09-16,2026-09-24,WIN,0.75,2.0,partial_leg1,0.69
GLAND.NS,2026-09-16,2026-09-24,WIN,0.43,3.0,trailing_stop,0.37
TITAN.NS,2026-08-07,2026-09-24,WIN,0.75,2.0,partial_leg1,0.69
TITAN.NS,2026-08-07,2026-09-24,WIN,0.56,3.0,trailing_stop,0.5
JUBLFOOD.NS,2026-08-13,2026-09-24,WIN,0.75,16.0,partial_leg1,0.69
JUBLFOOD.NS,2026-08-13,2026-09-24,WIN,0.0,16.0,trailing_stop,-0.06
APARINDS.NS,2026-08-18,2026-09-24,WIN,0.75,0.0,partial_leg1,0.69
PAYTM.NS,2026-09-16,2026-09-25,LOSS,-1.0,8.0,full_stop,-1.06
TITAN.NS,2026-08-08,2026-09-25,WIN,0.75,2.0,partial_leg1,0.69
TITAN.NS,2026-08-08,2026-09-25,WIN,0.56,3.0,trailing_stop,0.5
CLEAN.NS,2026-09-03,2026-09-28,LOSS,-1.0,20.0,full_stop,-1.06
RADICO.NS,2026-09-01,2026-10-01,LOSS,-1.0,5.0,full_stop,-1.06
AJANTPHARM.NS,2026-08-21,2026-10-05,LOSS,-0.65,5.0,time_stop,-0.71
BALRAMCHIN.NS,2026-08-12,2026-10-05,WIN,1.39,20.0,time_stop,1.34
LENSKART.NS,2026-08-12,2026-10-05,WIN,3.67,34.0,time_stop,3.6
AJANTPHARM.NS,2026-08-13,2026-10-06,LOSS,-0.21,5.0,time_stop,-0.27
